NG,1000,Accurate: 87.8 %
TK_16,793,Accurate: 98.61286 %
TK_2,678,Accurate: 97.34513 %
TNG_71,524,Accurate: 95.61069 %
TN_16,619,Accurate: 96.44588 %
